DATE,PTS,AST,BLK,STL,TRB,Player,Position,Share
2010-10-27,28,6,1,0,4,Derrick Rose,1,0.977
2010-10-30,39,7,2,2,6,Derrick Rose,1,0.977
2010-11-01,16,13,0,1,5,Derrick Rose,1,0.977
2010-11-04,24,14,0,1,1,Derrick Rose,1,0.977
2010-11-05,18,9,0,0,5,Derrick Rose,1,0.977
2010-11-08,18,6,1,1,2,Derrick Rose,1,0.977
2010-11-11,22,13,1,1,3,Derrick Rose,1,0.977
2010-11-13,24,8,1,2,4,Derrick Rose,1,0.977
2010-11-16,33,7,0,3,3,Derrick Rose,1,0.977
2010-11-17,33,4,0,0,3,Derrick Rose,1,0.977
2010-11-19,22,6,0,1,4,Derrick Rose,1,0.977
2010-11-23,30,8,1,1,5,Derrick Rose,1,0.977
2010-11-24,35,7,1,0,12,Derrick Rose,1,0.977
2010-11-27,30,7,0,1,7,Derrick Rose,1,0.977
2010-12-01,15,4,1,0,0,Derrick Rose,1,0.977
2010-12-03,20,8,0,0,3,Derrick Rose,1,0.977
2010-12-04,30,11,1,5,7,Derrick Rose,1,0.977
2010-12-06,11,9,1,2,4,Derrick Rose,1,0.977
2010-12-08,29,8,0,0,4,Derrick Rose,1,0.977
2010-12-10,29,9,0,0,5,Derrick Rose,1,0.977
2010-12-11,21,7,1,0,3,Derrick Rose,1,0.977
2010-12-13,17,12,0,1,6,Derrick Rose,1,0.977
2010-12-15,6,11,0,2,3,Derrick Rose,1,0.977
2010-12-18,34,8,2,0,6,Derrick Rose,1,0.977
2010-12-21,22,12,0,1,5,Derrick Rose,1,0.977
2010-12-22,25,5,3,1,5,Derrick Rose,1,0.977
2010-12-25,25,8,0,6,7,Derrick Rose,1,0.977
2010-12-26,23,8,0,2,12,Derrick Rose,1,0.977
2010-12-28,18,12,0,1,6,Derrick Rose,1,0.977
2010-12-31,19,9,0,0,4,Derrick Rose,1,0.977
2011-01-01,28,11,1,0,1,Derrick Rose,1,0.977
2011-01-04,19,6,0,0,1,Derrick Rose,1,0.977
2011-01-05,21,1,0,0,1,Derrick Rose,1,0.977
2011-01-07,27,9,0,3,4,Derrick Rose,1,0.977
2011-01-08,36,2,0,0,5,Derrick Rose,1,0.977
2011-01-10,29,7,1,2,5,Derrick Rose,1,0.977
2011-01-12,17,7,1,1,2,Derrick Rose,1,0.977
2011-01-14,29,5,2,0,10,Derrick Rose,1,0.977
2011-01-15,34,8,3,0,4,Derrick Rose,1,0.977
2011-01-17,22,12,1,1,10,Derrick Rose,1,0.977
2011-01-18,33,4,1,0,5,Derrick Rose,1,0.977
2011-01-20,26,9,2,0,7,Derrick Rose,1,0.977
2011-01-22,24,8,3,4,2,Derrick Rose,1,0.977
2011-01-24,21,10,1,1,2,Derrick Rose,1,0.977
2011-01-28,22,12,0,0,6,Derrick Rose,1,0.977
2011-01-29,20,7,0,1,3,Derrick Rose,1,0.977
2011-02-02,32,11,1,1,3,Derrick Rose,1,0.977
2011-02-05,14,10,0,1,3,Derrick Rose,1,0.977
2011-02-07,36,6,0,0,1,Derrick Rose,1,0.977
2011-02-09,29,7,0,1,3,Derrick Rose,1,0.977
2011-02-12,23,6,0,1,4,Derrick Rose,1,0.977
2011-02-15,18,13,0,1,3,Derrick Rose,1,0.977
2011-02-17,42,8,1,0,5,Derrick Rose,1,0.977
2011-02-23,32,10,0,1,1,Derrick Rose,1,0.977
2011-02-24,26,6,0,0,5,Derrick Rose,1,0.977
2011-02-26,17,4,0,2,4,Derrick Rose,1,0.977
2011-02-28,21,9,1,3,5,Derrick Rose,1,0.977
2011-03-02,12,12,0,1,5,Derrick Rose,1,0.977
2011-03-04,24,4,0,2,4,Derrick Rose,1,0.977
2011-03-06,27,5,0,1,1,Derrick Rose,1,0.977
2011-03-07,24,9,2,1,4,Derrick Rose,1,0.977
2011-03-09,20,6,3,2,4,Derrick Rose,1,0.977
2011-03-11,34,5,0,1,6,Derrick Rose,1,0.977
2011-03-12,26,4,0,1,1,Derrick Rose,1,0.977
2011-03-15,23,7,0,2,4,Derrick Rose,1,0.977
2011-03-17,21,2,2,2,4,Derrick Rose,1,0.977
2011-03-18,42,2,1,0,4,Derrick Rose,1,0.977
2011-03-21,18,8,0,1,0,Derrick Rose,1,0.977
2011-03-22,30,10,0,0,4,Derrick Rose,1,0.977
2011-03-25,24,7,0,0,7,Derrick Rose,1,0.977
2011-03-26,30,17,0,0,3,Derrick Rose,1,0.977
2011-03-28,31,5,1,3,4,Derrick Rose,1,0.977
2011-03-30,23,10,0,0,4,Derrick Rose,1,0.977
2011-04-01,27,7,0,4,3,Derrick Rose,1,0.977
2011-04-02,36,10,3,1,3,Derrick Rose,1,0.977
2011-04-05,19,4,1,0,3,Derrick Rose,1,0.977
2011-04-07,30,8,0,2,5,Derrick Rose,1,0.977
2011-04-08,11,8,0,0,1,Derrick Rose,1,0.977
2011-04-10,39,5,1,0,3,Derrick Rose,1,0.977
2011-04-12,26,3,1,2,0,Derrick Rose,1,0.977
2011-04-13,15,1,0,0,4,Derrick Rose,1,0.977
2010-10-28,23,1,3,1,10,Dwight Howard,2,0.531
2010-10-29,19,0,1,2,7,Dwight Howard,2,0.531
2010-11-03,18,1,8,1,16,Dwight Howard,2,0.531
2010-11-05,30,2,1,2,16,Dwight Howard,2,0.531
2010-11-06,22,4,2,0,8,Dwight Howard,2,0.531
2010-11-08,27,1,1,1,11,Dwight Howard,2,0.531
2010-11-10,14,4,3,1,9,Dwight Howard,2,0.531
2010-11-12,25,1,5,0,8,Dwight Howard,2,0.531
2010-11-13,16,1,2,0,10,Dwight Howard,2,0.531
2010-11-15,18,0,2,2,14,Dwight Howard,2,0.531
2010-11-18,20,1,1,1,12,Dwight Howard,2,0.531
2010-11-20,25,0,3,1,12,Dwight Howard,2,0.531
2010-11-22,26,1,2,3,18,Dwight Howard,2,0.531
2010-11-24,24,1,1,0,18,Dwight Howard,2,0.531
2010-11-26,23,1,2,2,11,Dwight Howard,2,0.531
2010-11-27,32,1,2,0,11,Dwight Howard,2,0.531
2010-11-30,9,0,2,3,14,Dwight Howard,2,0.531
2010-12-01,13,0,2,1,12,Dwight Howard,2,0.531
2010-12-06,14,1,3,2,13,Dwight Howard,2,0.531
2010-12-09,39,0,3,1,15,Dwight Howard,2,0.531
2010-12-10,14,0,2,0,12,Dwight Howard,2,0.531
2010-12-12,22,0,1,1,8,Dwight Howard,2,0.531
2010-12-14,21,1,2,0,14,Dwight Howard,2,0.531
2010-12-18,26,3,2,2,20,Dwight Howard,2,0.531
2010-12-20,19,1,2,2,20,Dwight Howard,2,0.531
2010-12-21,26,0,2,3,23,Dwight Howard,2,0.531
2010-12-23,29,1,3,0,14,Dwight Howard,2,0.531
2010-12-25,6,1,5,2,11,Dwight Howard,2,0.531
2010-12-27,19,3,6,0,13,Dwight Howard,2,0.531
2010-12-28,12,1,1,2,6,Dwight Howard,2,0.531
2010-12-30,24,3,1,1,18,Dwight Howard,2,0.531
2011-01-03,22,3,1,2,17,Dwight Howard,2,0.531
2011-01-05,28,3,1,2,13,Dwight Howard,2,0.531
2011-01-07,13,1,2,1,11,Dwight Howard,2,0.531
2011-01-08,23,1,2,1,13,Dwight Howard,2,0.531
2011-01-12,29,0,2,1,20,Dwight Howard,2,0.531
2011-01-13,39,1,2,0,18,Dwight Howard,2,0.531
2011-01-15,16,1,1,3,9,Dwight Howard,2,0.531
2011-01-17,33,2,0,1,13,Dwight Howard,2,0.531
2011-01-19,18,1,2,0,7,Dwight Howard,2,0.531
2011-01-21,31,1,1,0,19,Dwight Howard,2,0.531
2011-01-22,22,2,2,0,14,Dwight Howard,2,0.531
2011-01-24,20,1,3,1,16,Dwight Howard,2,0.531
2011-01-26,19,0,3,2,16,Dwight Howard,2,0.531
2011-01-28,40,2,3,4,15,Dwight Howard,2,0.531
2011-01-30,20,2,2,1,20,Dwight Howard,2,0.531
2011-01-31,25,0,2,2,14,Dwight Howard,2,0.531
2011-02-03,17,1,0,0,16,Dwight Howard,2,0.531
2011-02-04,22,1,0,0,15,Dwight Howard,2,0.531
2011-02-06,28,2,0,3,13,Dwight Howard,2,0.531
2011-02-08,22,2,1,2,20,Dwight Howard,2,0.531
2011-02-09,30,0,2,2,17,Dwight Howard,2,0.531
2011-02-11,20,1,3,1,17,Dwight Howard,2,0.531
2011-02-13,31,3,3,0,13,Dwight Howard,2,0.531
2011-02-16,32,1,3,1,10,Dwight Howard,2,0.531
2011-02-23,31,0,2,2,17,Dwight Howard,2,0.531
2011-02-25,40,0,6,2,15,Dwight Howard,2,0.531
2011-02-27,20,2,2,2,10,Dwight Howard,2,0.531
2011-03-01,30,2,5,0,16,Dwight Howard,2,0.531
2011-03-03,14,5,5,0,18,Dwight Howard,2,0.531
2011-03-04,20,0,4,2,10,Dwight Howard,2,0.531
2011-03-09,16,2,3,0,15,Dwight Howard,2,0.531
2011-03-11,13,4,2,1,21,Dwight Howard,2,0.531
2011-03-13,26,0,5,1,15,Dwight Howard,2,0.531
2011-03-14,22,2,2,1,15,Dwight Howard,2,0.531
2011-03-16,31,2,3,2,21,Dwight Howard,2,0.531
2011-03-18,16,3,5,4,18,Dwight Howard,2,0.531
2011-03-21,28,4,4,4,18,Dwight Howard,2,0.531
2011-03-23,33,2,3,1,11,Dwight Howard,2,0.531
2011-03-25,21,0,3,2,14,Dwight Howard,2,0.531
2011-03-28,29,2,0,1,18,Dwight Howard,2,0.531
2011-03-30,17,0,1,3,13,Dwight Howard,2,0.531
2011-04-01,26,1,2,2,14,Dwight Howard,2,0.531
2011-04-03,31,0,1,0,9,Dwight Howard,2,0.531
2011-04-05,18,2,1,3,17,Dwight Howard,2,0.531
2011-04-06,15,1,6,1,7,Dwight Howard,2,0.531
2011-04-11,19,4,3,2,13,Dwight Howard,2,0.531
2011-04-13,13,2,1,4,13,Dwight Howard,2,0.531
2010-10-26,31,3,2,1,4,LeBron James,3,0.431
2010-10-27,16,7,1,2,6,LeBron James,3,0.431
2010-10-29,15,7,0,0,6,LeBron James,3,0.431
2010-10-31,20,7,0,2,7,LeBron James,3,0.431
2010-11-02,20,12,1,2,0,LeBron James,3,0.431
2010-11-05,20,10,1,3,7,LeBron James,3,0.431
2010-11-06,23,9,0,2,3,LeBron James,3,0.431
2010-11-09,20,14,3,1,11,LeBron James,3,0.431
2010-11-11,35,9,0,3,10,LeBron James,3,0.431
2010-11-13,23,11,0,2,2,LeBron James,3,0.431
2010-11-17,20,9,0,3,8,LeBron James,3,0.431
2010-11-19,32,5,0,2,2,LeBron James,3,0.431
2010-11-20,29,11,0,1,3,LeBron James,3,0.431
2010-11-22,25,6,0,1,5,LeBron James,3,0.431
2010-11-24,25,4,0,1,6,LeBron James,3,0.431
2010-11-26,20,6,1,2,8,LeBron James,3,0.431
2010-11-27,23,4,0,1,8,LeBron James,3,0.431
2010-11-29,30,5,1,1,6,LeBron James,3,0.431
2010-12-01,18,3,0,1,6,LeBron James,3,0.431
2010-12-02,38,8,1,1,5,LeBron James,3,0.431
2010-12-04,22,4,1,1,7,LeBron James,3,0.431
2010-12-06,17,6,1,1,6,LeBron James,3,0.431
2010-12-08,33,9,0,0,7,LeBron James,3,0.431
2010-12-10,25,9,1,1,7,LeBron James,3,0.431
2010-12-11,25,3,0,2,10,LeBron James,3,0.431
2010-12-13,20,7,0,0,4,LeBron James,3,0.431
2010-12-15,21,5,0,1,13,LeBron James,3,0.431
2010-12-17,32,10,0,1,11,LeBron James,3,0.431
2010-12-18,32,6,0,1,7,LeBron James,3,0.431
2010-12-20,19,7,0,0,10,LeBron James,3,0.431
2010-12-23,36,4,0,3,6,LeBron James,3,0.431
2010-12-25,27,10,0,4,11,LeBron James,3,0.431
2010-12-28,18,8,0,0,10,LeBron James,3,0.431
2010-12-29,20,9,0,1,6,LeBron James,3,0.431
2011-01-01,25,10,1,1,7,LeBron James,3,0.431
2011-01-03,38,5,0,1,9,LeBron James,3,0.431
2011-01-04,25,9,2,0,6,LeBron James,3,0.431
2011-01-07,26,5,1,6,10,LeBron James,3,0.431
2011-01-09,44,6,0,2,13,LeBron James,3,0.431
2011-01-12,27,6,0,0,8,LeBron James,3,0.431
2011-01-18,34,7,0,2,10,LeBron James,3,0.431
2011-01-22,38,6,1,2,11,LeBron James,3,0.431
2011-01-27,24,5,2,2,11,LeBron James,3,0.431
2011-01-28,39,9,2,1,8,LeBron James,3,0.431
2011-01-30,23,13,3,4,4,LeBron James,3,0.431
2011-01-31,24,8,2,0,4,LeBron James,3,0.431
2011-02-03,51,8,1,1,11,LeBron James,3,0.431
2011-02-04,19,9,0,0,8,LeBron James,3,0.431
2011-02-06,12,4,0,4,6,LeBron James,3,0.431
2011-02-08,41,8,1,3,13,LeBron James,3,0.431
2011-02-11,16,10,0,4,8,LeBron James,3,0.431
2011-02-13,22,7,0,1,7,LeBron James,3,0.431
2011-02-15,27,5,2,2,6,LeBron James,3,0.431
2011-02-16,23,8,0,0,13,LeBron James,3,0.431
2011-02-22,31,3,0,0,8,LeBron James,3,0.431
2011-02-24,29,5,1,2,10,LeBron James,3,0.431
2011-02-25,25,7,3,1,9,LeBron James,3,0.431
2011-02-27,27,5,1,3,7,LeBron James,3,0.431
2011-03-03,29,4,2,0,6,LeBron James,3,0.431
2011-03-04,26,7,0,1,8,LeBron James,3,0.431
2011-03-06,26,6,0,2,8,LeBron James,3,0.431
2011-03-08,31,8,0,1,11,LeBron James,3,0.431
2011-03-10,19,9,0,1,8,LeBron James,3,0.431
2011-03-12,27,5,2,1,5,LeBron James,3,0.431
2011-03-14,21,8,2,0,6,LeBron James,3,0.431
2011-03-16,19,3,1,1,8,LeBron James,3,0.431
2011-03-18,43,3,0,0,2,LeBron James,3,0.431
2011-03-19,33,2,0,2,6,LeBron James,3,0.431
2011-03-23,19,7,0,0,8,LeBron James,3,0.431
2011-03-25,32,2,1,3,10,LeBron James,3,0.431
2011-03-27,33,7,0,0,10,LeBron James,3,0.431
2011-03-29,27,12,0,0,10,LeBron James,3,0.431
2011-03-30,35,8,0,5,8,LeBron James,3,0.431
2011-04-01,27,10,1,3,6,LeBron James,3,0.431
2011-04-03,31,7,0,3,11,LeBron James,3,0.431
2011-04-06,29,8,2,2,2,LeBron James,3,0.431
2011-04-08,23,9,1,2,7,LeBron James,3,0.431
2011-04-10,27,7,1,4,5,LeBron James,3,0.431
2011-04-11,34,7,0,3,10,LeBron James,3,0.431
2010-10-26,27,7,0,1,5,Kobe Bryant,4,0.354
2010-10-29,25,3,0,0,7,Kobe Bryant,4,0.354
2010-10-31,20,2,0,0,7,Kobe Bryant,4,0.354
2010-11-02,23,1,0,1,5,Kobe Bryant,4,0.354
2010-11-03,30,12,0,1,10,Kobe Bryant,4,0.354
2010-11-05,23,6,1,3,4,Kobe Bryant,4,0.354
2010-11-07,12,1,1,0,2,Kobe Bryant,4,0.354
2010-11-09,33,2,0,2,6,Kobe Bryant,4,0.354
2010-11-11,34,5,0,1,3,Kobe Bryant,4,0.354
2010-11-14,25,14,0,1,9,Kobe Bryant,4,0.354
2010-11-16,31,3,0,1,7,Kobe Bryant,4,0.354
2010-11-17,33,4,0,2,9,Kobe Bryant,4,0.354
2010-11-19,23,2,1,1,8,Kobe Bryant,4,0.354
2010-11-21,20,5,0,0,6,Kobe Bryant,4,0.354
2010-11-23,20,5,0,1,2,Kobe Bryant,4,0.354
2010-11-26,31,3,0,1,3,Kobe Bryant,4,0.354
2010-11-28,41,4,0,0,5,Kobe Bryant,4,0.354
2010-11-30,29,5,0,1,7,Kobe Bryant,4,0.354
2010-12-01,27,4,0,4,4,Kobe Bryant,4,0.354
2010-12-03,22,4,0,2,3,Kobe Bryant,4,0.354
2010-12-07,32,3,0,2,5,Kobe Bryant,4,0.354
2010-12-08,24,4,0,1,2,Kobe Bryant,4,0.354
2010-12-10,23,7,1,3,5,Kobe Bryant,4,0.354
2010-12-12,32,6,0,4,4,Kobe Bryant,4,0.354
2010-12-14,24,4,0,1,5,Kobe Bryant,4,0.354
2010-12-15,31,6,0,0,3,Kobe Bryant,4,0.354
2010-12-17,9,4,0,2,4,Kobe Bryant,4,0.354
2010-12-19,20,4,0,0,3,Kobe Bryant,4,0.354
2010-12-21,21,2,0,1,3,Kobe Bryant,4,0.354
2010-12-25,17,7,0,1,6,Kobe Bryant,4,0.354
2010-12-28,21,1,0,1,5,Kobe Bryant,4,0.354
2010-12-29,20,4,0,2,3,Kobe Bryant,4,0.354
2010-12-31,33,2,0,2,4,Kobe Bryant,4,0.354
2011-01-02,28,2,0,2,2,Kobe Bryant,4,0.354
2011-01-04,17,8,0,1,7,Kobe Bryant,4,0.354
2011-01-05,24,5,0,1,7,Kobe Bryant,4,0.354
2011-01-07,25,4,0,1,1,Kobe Bryant,4,0.354
2011-01-09,27,5,0,0,10,Kobe Bryant,4,0.354
2011-01-11,13,8,0,2,5,Kobe Bryant,4,0.354
2011-01-12,39,4,0,3,6,Kobe Bryant,4,0.354
2011-01-14,27,4,0,0,4,Kobe Bryant,4,0.354
2011-01-16,27,5,0,2,9,Kobe Bryant,4,0.354
2011-01-17,21,7,0,1,5,Kobe Bryant,4,0.354
2011-01-19,21,10,0,0,4,Kobe Bryant,4,0.354
2011-01-21,18,7,0,1,6,Kobe Bryant,4,0.354
2011-01-25,21,6,0,2,1,Kobe Bryant,4,0.354
2011-01-28,38,7,0,3,4,Kobe Bryant,4,0.354
2011-01-30,41,0,0,0,3,Kobe Bryant,4,0.354
2011-02-01,32,11,0,1,6,Kobe Bryant,4,0.354
2011-02-03,16,10,0,0,9,Kobe Bryant,4,0.354
2011-02-05,32,5,1,0,9,Kobe Bryant,4,0.354
2011-02-07,19,6,0,2,7,Kobe Bryant,4,0.354
2011-02-10,23,4,1,0,5,Kobe Bryant,4,0.354
2011-02-11,33,2,0,0,10,Kobe Bryant,4,0.354
2011-02-13,17,5,0,1,4,Kobe Bryant,4,0.354
2011-02-14,20,2,1,0,5,Kobe Bryant,4,0.354
2011-02-16,17,2,1,0,12,Kobe Bryant,4,0.354
2011-02-22,20,5,0,2,3,Kobe Bryant,4,0.354
2011-02-23,37,6,0,3,9,Kobe Bryant,4,0.354
2011-02-25,24,5,0,0,2,Kobe Bryant,4,0.354
2011-02-27,17,7,0,1,2,Kobe Bryant,4,0.354
2011-03-01,24,3,0,0,4,Kobe Bryant,4,0.354
2011-03-04,27,3,0,0,2,Kobe Bryant,4,0.354
2011-03-06,26,5,0,1,7,Kobe Bryant,4,0.354
2011-03-08,26,4,1,1,6,Kobe Bryant,4,0.354
2011-03-10,24,2,0,1,2,Kobe Bryant,4,0.354
2011-03-12,16,4,0,3,5,Kobe Bryant,4,0.354
2011-03-14,16,4,0,1,5,Kobe Bryant,4,0.354
2011-03-18,18,5,0,1,4,Kobe Bryant,4,0.354
2011-03-20,22,3,1,1,4,Kobe Bryant,4,0.354
2011-03-22,42,9,0,1,12,Kobe Bryant,4,0.354
2011-03-25,37,6,0,2,4,Kobe Bryant,4,0.354
2011-03-27,30,5,0,2,3,Kobe Bryant,4,0.354
2011-03-31,28,4,0,2,5,Kobe Bryant,4,0.354
2011-04-01,21,4,0,0,5,Kobe Bryant,4,0.354
2011-04-03,28,4,0,3,4,Kobe Bryant,4,0.354
2011-04-05,20,5,0,0,3,Kobe Bryant,4,0.354
2011-04-06,25,2,0,4,2,Kobe Bryant,4,0.354
2011-04-08,24,4,0,0,2,Kobe Bryant,4,0.354
2011-04-10,31,4,1,3,4,Kobe Bryant,4,0.354
2011-04-12,27,4,0,0,6,Kobe Bryant,4,0.354
2011-04-13,36,6,1,1,9,Kobe Bryant,4,0.354
2010-10-27,30,3,0,3,7,Kevin Durant,5,0.157
2010-10-29,30,1,0,2,8,Kevin Durant,5,0.157
2010-10-31,28,1,2,2,4,Kevin Durant,5,0.157
2010-11-03,16,2,2,0,6,Kevin Durant,5,0.157
2010-11-04,28,2,3,0,11,Kevin Durant,5,0.157
2010-11-07,34,3,0,2,6,Kevin Durant,5,0.157
2010-11-10,31,2,0,3,7,Kevin Durant,5,0.157
2010-11-12,34,3,1,0,4,Kevin Durant,5,0.157
2010-11-14,23,4,2,0,7,Kevin Durant,5,0.157
2010-11-15,30,4,0,2,6,Kevin Durant,5,0.157
2010-11-17,24,4,0,1,4,Kevin Durant,5,0.157
2010-11-22,28,5,3,1,8,Kevin Durant,5,0.157
2010-11-24,32,5,0,0,11,Kevin Durant,5,0.157
2010-11-26,25,1,1,2,8,Kevin Durant,5,0.157
2010-11-28,18,3,0,0,2,Kevin Durant,5,0.157
2010-11-29,26,2,2,1,11,Kevin Durant,5,0.157
2010-12-05,28,3,2,0,7,Kevin Durant,5,0.157
2010-12-06,29,0,2,2,5,Kevin Durant,5,0.157
2010-12-08,30,6,1,1,11,Kevin Durant,5,0.157
2010-12-10,25,6,2,0,5,Kevin Durant,5,0.157
2010-12-12,25,0,1,1,7,Kevin Durant,5,0.157
2010-12-15,32,4,0,0,7,Kevin Durant,5,0.157
2010-12-17,24,5,1,1,2,Kevin Durant,5,0.157
2010-12-19,28,4,1,3,4,Kevin Durant,5,0.157
2010-12-21,32,3,1,1,7,Kevin Durant,5,0.157
2010-12-22,26,3,0,0,7,Kevin Durant,5,0.157
2010-12-25,44,4,2,2,7,Kevin Durant,5,0.157
2010-12-27,28,4,2,2,5,Kevin Durant,5,0.157
2010-12-29,27,2,0,1,2,Kevin Durant,5,0.157
2010-12-31,33,3,2,1,4,Kevin Durant,5,0.157
2011-01-01,16,1,0,0,4,Kevin Durant,5,0.157
2011-01-04,28,3,0,2,9,Kevin Durant,5,0.157
2011-01-06,28,3,0,3,2,Kevin Durant,5,0.157
2011-01-08,40,4,1,0,8,Kevin Durant,5,0.157
2011-01-12,30,2,0,0,6,Kevin Durant,5,0.157
2011-01-13,36,2,1,1,4,Kevin Durant,5,0.157
2011-01-17,24,1,1,0,8,Kevin Durant,5,0.157
2011-01-19,22,2,2,2,4,Kevin Durant,5,0.157
2011-01-22,30,2,0,0,12,Kevin Durant,5,0.157
2011-01-24,22,4,0,0,8,Kevin Durant,5,0.157
2011-01-26,47,2,2,2,18,Kevin Durant,5,0.157
2011-01-28,40,1,0,1,7,Kevin Durant,5,0.157
2011-01-30,33,1,0,4,10,Kevin Durant,5,0.157
2011-02-02,43,5,1,1,10,Kevin Durant,5,0.157
2011-02-04,24,1,3,1,11,Kevin Durant,5,0.157
2011-02-05,21,4,0,0,12,Kevin Durant,5,0.157
2011-02-08,31,3,2,1,10,Kevin Durant,5,0.157
2011-02-12,35,2,2,0,6,Kevin Durant,5,0.157
2011-02-13,29,2,1,0,5,Kevin Durant,5,0.157
2011-02-15,17,2,0,2,7,Kevin Durant,5,0.157
2011-02-22,21,2,0,2,8,Kevin Durant,5,0.157
2011-02-23,30,3,1,1,9,Kevin Durant,5,0.157
2011-02-25,23,2,0,0,16,Kevin Durant,5,0.157
2011-02-27,21,3,2,1,4,Kevin Durant,5,0.157
2011-03-02,21,3,1,2,3,Kevin Durant,5,0.157
2011-03-04,29,5,0,1,8,Kevin Durant,5,0.157
2011-03-06,18,2,2,2,8,Kevin Durant,5,0.157
2011-03-07,23,2,1,0,6,Kevin Durant,5,0.157
2011-03-09,34,2,1,0,16,Kevin Durant,5,0.157
2011-03-11,24,5,0,3,9,Kevin Durant,5,0.157
2011-03-13,19,2,1,1,3,Kevin Durant,5,0.157
2011-03-14,32,2,1,1,3,Kevin Durant,5,0.157
2011-03-16,29,6,1,1,7,Kevin Durant,5,0.157
2011-03-18,25,4,0,4,2,Kevin Durant,5,0.157
2011-03-20,20,1,0,1,5,Kevin Durant,5,0.157
2011-03-23,29,3,0,0,2,Kevin Durant,5,0.157
2011-03-25,23,4,0,2,2,Kevin Durant,5,0.157
2011-03-27,21,1,5,3,3,Kevin Durant,5,0.157
2011-03-29,39,5,1,1,6,Kevin Durant,5,0.157
2011-03-30,22,2,3,0,4,Kevin Durant,5,0.157
2011-04-01,25,1,1,2,11,Kevin Durant,5,0.157
2011-04-02,23,3,2,0,6,Kevin Durant,5,0.157
2011-04-05,32,1,1,0,9,Kevin Durant,5,0.157
2011-04-06,29,3,0,0,7,Kevin Durant,5,0.157
2011-04-08,28,2,0,2,7,Kevin Durant,5,0.157
2011-04-10,31,2,0,1,4,Kevin Durant,5,0.157
2011-04-11,32,2,1,2,8,Kevin Durant,5,0.157
2011-04-13,14,2,2,1,6,Kevin Durant,5,0.157
2010-10-27,28,0,1,0,13,Dirk Nowitzki,6,0.093
2010-10-29,27,2,0,0,7,Dirk Nowitzki,6,0.093
2010-10-31,16,1,3,0,7,Dirk Nowitzki,6,0.093
2010-11-03,35,3,0,1,12,Dirk Nowitzki,6,0.093
2010-11-06,23,0,1,0,6,Dirk Nowitzki,6,0.093
2010-11-08,25,2,0,0,7,Dirk Nowitzki,6,0.093
2010-11-10,12,2,1,0,10,Dirk Nowitzki,6,0.093
2010-11-12,16,2,0,1,5,Dirk Nowitzki,6,0.093
2010-11-15,25,3,0,0,10,Dirk Nowitzki,6,0.093
2010-11-17,29,1,1,1,9,Dirk Nowitzki,6,0.093
2010-11-19,36,3,0,2,8,Dirk Nowitzki,6,0.093
2010-11-20,21,3,0,0,7,Dirk Nowitzki,6,0.093
2010-11-23,42,1,2,0,12,Dirk Nowitzki,6,0.093
2010-11-24,34,4,0,1,4,Dirk Nowitzki,6,0.093
2010-11-26,26,5,0,0,8,Dirk Nowitzki,6,0.093
2010-11-27,22,4,0,3,6,Dirk Nowitzki,6,0.093
2010-11-29,20,1,3,0,10,Dirk Nowitzki,6,0.093
2010-12-01,10,1,0,1,1,Dirk Nowitzki,6,0.093
2010-12-03,26,2,1,2,6,Dirk Nowitzki,6,0.093
2010-12-04,25,5,1,0,5,Dirk Nowitzki,6,0.093
2010-12-07,25,2,4,2,2,Dirk Nowitzki,6,0.093
2010-12-09,21,1,0,1,10,Dirk Nowitzki,6,0.093
2010-12-11,31,4,1,0,15,Dirk Nowitzki,6,0.093
2010-12-13,30,3,2,1,7,Dirk Nowitzki,6,0.093
2010-12-15,21,3,2,3,5,Dirk Nowitzki,6,0.093
2010-12-17,18,2,0,0,5,Dirk Nowitzki,6,0.093
2010-12-20,26,2,0,1,9,Dirk Nowitzki,6,0.093
2010-12-21,17,5,0,1,8,Dirk Nowitzki,6,0.093
2010-12-27,13,3,0,0,2,Dirk Nowitzki,6,0.093
2011-01-15,7,1,0,0,5,Dirk Nowitzki,6,0.093
2011-01-17,32,5,0,1,5,Dirk Nowitzki,6,0.093
2011-01-19,14,3,0,0,8,Dirk Nowitzki,6,0.093
2011-01-20,19,4,1,0,2,Dirk Nowitzki,6,0.093
2011-01-22,23,2,0,1,7,Dirk Nowitzki,6,0.093
2011-01-25,20,0,0,1,5,Dirk Nowitzki,6,0.093
2011-01-27,18,3,2,0,2,Dirk Nowitzki,6,0.093
2011-01-29,19,4,1,1,6,Dirk Nowitzki,6,0.093
2011-01-31,24,2,1,0,4,Dirk Nowitzki,6,0.093
2011-02-02,29,3,1,0,11,Dirk Nowitzki,6,0.093
2011-02-04,29,3,0,0,4,Dirk Nowitzki,6,0.093
2011-02-05,25,2,5,0,4,Dirk Nowitzki,6,0.093
2011-02-07,12,1,0,0,6,Dirk Nowitzki,6,0.093
2011-02-09,10,2,0,0,6,Dirk Nowitzki,6,0.093
2011-02-10,16,6,0,0,8,Dirk Nowitzki,6,0.093
2011-02-12,22,2,2,1,6,Dirk Nowitzki,6,0.093
2011-02-16,13,4,0,0,3,Dirk Nowitzki,6,0.093
2011-02-17,35,4,0,1,1,Dirk Nowitzki,6,0.093
2011-02-23,23,1,0,1,7,Dirk Nowitzki,6,0.093
2011-02-26,21,3,0,0,7,Dirk Nowitzki,6,0.093
2011-02-27,31,2,1,0,13,Dirk Nowitzki,6,0.093
2011-03-01,22,2,0,0,6,Dirk Nowitzki,6,0.093
2011-03-04,29,2,0,0,4,Dirk Nowitzki,6,0.093
2011-03-06,23,2,1,1,5,Dirk Nowitzki,6,0.093
2011-03-07,25,2,1,0,6,Dirk Nowitzki,6,0.093
2011-03-09,26,3,0,1,4,Dirk Nowitzki,6,0.093
2011-03-10,23,2,0,0,9,Dirk Nowitzki,6,0.093
2011-03-12,25,6,2,1,10,Dirk Nowitzki,6,0.093
2011-03-15,28,2,0,0,11,Dirk Nowitzki,6,0.093
2011-03-16,34,2,1,0,13,Dirk Nowitzki,6,0.093
2011-03-18,23,3,0,0,9,Dirk Nowitzki,6,0.093
2011-03-20,20,2,0,0,6,Dirk Nowitzki,6,0.093
2011-03-24,30,4,1,1,11,Dirk Nowitzki,6,0.093
2011-03-26,19,0,0,0,6,Dirk Nowitzki,6,0.093
2011-03-27,15,4,0,0,7,Dirk Nowitzki,6,0.093
2011-03-30,24,3,0,1,6,Dirk Nowitzki,6,0.093
2011-03-31,27,2,1,0,13,Dirk Nowitzki,6,0.093
2011-04-02,16,3,0,1,6,Dirk Nowitzki,6,0.093
2011-04-03,16,2,0,0,5,Dirk Nowitzki,6,0.093
2011-04-06,20,2,2,0,7,Dirk Nowitzki,6,0.093
2011-04-08,20,7,0,1,8,Dirk Nowitzki,6,0.093
2011-04-10,19,3,1,1,7,Dirk Nowitzki,6,0.093
2011-04-11,23,3,0,2,12,Dirk Nowitzki,6,0.093
2011-04-13,32,2,0,0,6,Dirk Nowitzki,6,0.093
2010-10-26,13,6,0,3,4,Dwyane Wade,7,0.02
2010-10-27,30,4,2,3,7,Dwyane Wade,7,0.02
2010-10-29,26,3,2,0,6,Dwyane Wade,7,0.02
2010-10-31,17,7,1,2,6,Dwyane Wade,7,0.02
2010-11-02,26,1,0,0,2,Dwyane Wade,7,0.02
2010-11-05,28,2,2,2,10,Dwyane Wade,7,0.02
2010-11-06,29,3,1,2,10,Dwyane Wade,7,0.02
2010-11-09,39,1,0,1,6,Dwyane Wade,7,0.02
2010-11-11,8,3,1,0,1,Dwyane Wade,7,0.02
2010-11-13,31,2,1,0,8,Dwyane Wade,7,0.02
2010-11-17,17,6,2,0,6,Dwyane Wade,7,0.02
2010-11-19,11,4,0,2,3,Dwyane Wade,7,0.02
2010-11-22,3,5,2,2,4,Dwyane Wade,7,0.02
2010-11-24,18,5,1,0,7,Dwyane Wade,7,0.02
2010-11-26,23,8,0,2,6,Dwyane Wade,7,0.02
2010-11-27,22,5,2,0,9,Dwyane Wade,7,0.02
2010-11-29,26,6,1,4,8,Dwyane Wade,7,0.02
2010-12-01,16,1,0,2,2,Dwyane Wade,7,0.02
2010-12-02,22,9,0,3,9,Dwyane Wade,7,0.02
2010-12-04,26,3,3,3,10,Dwyane Wade,7,0.02
2010-12-06,25,5,1,0,14,Dwyane Wade,7,0.02
2010-12-08,28,4,0,2,4,Dwyane Wade,7,0.02
2010-12-10,34,7,0,1,9,Dwyane Wade,7,0.02
2010-12-11,36,6,1,1,6,Dwyane Wade,7,0.02
2010-12-13,32,1,0,1,5,Dwyane Wade,7,0.02
2010-12-15,28,3,0,1,6,Dwyane Wade,7,0.02
2010-12-17,26,5,3,2,8,Dwyane Wade,7,0.02
2010-12-18,20,2,2,1,6,Dwyane Wade,7,0.02
2010-12-20,22,7,2,3,4,Dwyane Wade,7,0.02
2010-12-25,18,6,1,1,5,Dwyane Wade,7,0.02
2010-12-28,40,2,1,2,9,Dwyane Wade,7,0.02
2010-12-29,45,1,0,2,7,Dwyane Wade,7,0.02
2011-01-01,25,8,1,2,6,Dwyane Wade,7,0.02
2011-01-03,31,4,1,0,11,Dwyane Wade,7,0.02
2011-01-04,34,2,0,1,4,Dwyane Wade,7,0.02
2011-01-07,14,5,0,3,7,Dwyane Wade,7,0.02
2011-01-09,34,5,1,0,8,Dwyane Wade,7,0.02
2011-01-12,31,5,3,1,7,Dwyane Wade,7,0.02
2011-01-13,16,4,1,0,4,Dwyane Wade,7,0.02
2011-01-15,33,4,5,0,6,Dwyane Wade,7,0.02
2011-01-18,27,3,1,1,6,Dwyane Wade,7,0.02
2011-01-27,34,5,0,1,16,Dwyane Wade,7,0.02
2011-01-30,32,2,0,2,9,Dwyane Wade,7,0.02
2011-01-31,34,5,0,3,7,Dwyane Wade,7,0.02
2011-02-03,14,1,2,1,4,Dwyane Wade,7,0.02
2011-02-04,22,10,0,0,12,Dwyane Wade,7,0.02
2011-02-06,28,8,3,1,8,Dwyane Wade,7,0.02
2011-02-08,17,7,0,1,3,Dwyane Wade,7,0.02
2011-02-11,24,7,0,1,8,Dwyane Wade,7,0.02
2011-02-13,16,4,0,0,5,Dwyane Wade,7,0.02
2011-02-15,41,3,0,2,12,Dwyane Wade,7,0.02
2011-02-16,28,1,2,1,7,Dwyane Wade,7,0.02
2011-02-22,23,7,1,2,8,Dwyane Wade,7,0.02
2011-02-24,34,2,0,2,8,Dwyane Wade,7,0.02
2011-02-25,41,2,0,2,5,Dwyane Wade,7,0.02
2011-02-27,12,9,0,3,7,Dwyane Wade,7,0.02
2011-03-03,28,5,1,4,4,Dwyane Wade,7,0.02
2011-03-04,19,1,0,0,3,Dwyane Wade,7,0.02
2011-03-06,20,5,1,0,4,Dwyane Wade,7,0.02
2011-03-08,38,5,2,1,6,Dwyane Wade,7,0.02
2011-03-10,20,5,1,4,5,Dwyane Wade,7,0.02
2011-03-12,28,9,5,3,5,Dwyane Wade,7,0.02
2011-03-14,29,4,2,2,9,Dwyane Wade,7,0.02
2011-03-16,21,2,1,1,6,Dwyane Wade,7,0.02
2011-03-18,14,5,0,1,2,Dwyane Wade,7,0.02
2011-03-19,32,2,3,1,2,Dwyane Wade,7,0.02
2011-03-23,24,4,0,3,4,Dwyane Wade,7,0.02
2011-03-25,39,8,5,3,11,Dwyane Wade,7,0.02
2011-03-27,30,5,2,0,11,Dwyane Wade,7,0.02
2011-03-29,24,6,2,3,4,Dwyane Wade,7,0.02
2011-03-30,33,9,2,0,3,Dwyane Wade,7,0.02
2011-04-01,32,2,2,2,5,Dwyane Wade,7,0.02
2011-04-03,18,5,0,0,3,Dwyane Wade,7,0.02
2011-04-08,27,4,1,3,3,Dwyane Wade,7,0.02
2011-04-10,14,8,1,1,5,Dwyane Wade,7,0.02
2011-04-11,21,6,3,1,5,Dwyane Wade,7,0.02
2010-10-27,22,4,1,2,3,Manu Ginóbili,8,0.017
2010-10-30,23,6,0,2,2,Manu Ginóbili,8,0.017
2010-11-01,14,7,0,4,2,Manu Ginóbili,8,0.017
2010-11-03,18,5,0,0,3,Manu Ginóbili,8,0.017
2010-11-06,28,5,1,2,3,Manu Ginóbili,8,0.017
2010-11-08,26,3,0,2,5,Manu Ginóbili,8,0.017
2010-11-10,22,4,1,1,4,Manu Ginóbili,8,0.017
2010-11-13,18,1,1,2,1,Manu Ginóbili,8,0.017
2010-11-14,21,4,1,1,3,Manu Ginóbili,8,0.017
2010-11-17,20,5,0,2,4,Manu Ginóbili,8,0.017
2010-11-19,15,4,0,2,2,Manu Ginóbili,8,0.017
2010-11-20,13,6,0,3,4,Manu Ginóbili,8,0.017
2010-11-22,25,9,0,1,6,Manu Ginóbili,8,0.017
2010-11-24,26,6,1,2,6,Manu Ginóbili,8,0.017
2010-11-26,31,4,0,1,3,Manu Ginóbili,8,0.017
2010-11-28,23,8,1,2,7,Manu Ginóbili,8,0.017
2010-11-30,27,3,0,5,6,Manu Ginóbili,8,0.017
2010-12-01,15,6,0,1,6,Manu Ginóbili,8,0.017
2010-12-03,16,4,1,1,1,Manu Ginóbili,8,0.017
2010-12-05,8,5,0,2,2,Manu Ginóbili,8,0.017
2010-12-08,12,8,0,3,3,Manu Ginóbili,8,0.017
2010-12-10,18,0,0,1,3,Manu Ginóbili,8,0.017
2010-12-12,18,4,0,0,3,Manu Ginóbili,8,0.017
2010-12-15,26,4,0,1,6,Manu Ginóbili,8,0.017
2010-12-16,16,4,0,1,3,Manu Ginóbili,8,0.017
2010-12-18,15,9,1,1,3,Manu Ginóbili,8,0.017
2010-12-20,15,3,1,3,2,Manu Ginóbili,8,0.017
2010-12-22,22,6,1,1,4,Manu Ginóbili,8,0.017
2010-12-23,10,6,1,0,5,Manu Ginóbili,8,0.017
2010-12-26,21,1,0,3,0,Manu Ginóbili,8,0.017
2010-12-28,9,6,1,3,4,Manu Ginóbili,8,0.017
2010-12-30,15,3,1,0,8,Manu Ginóbili,8,0.017
2011-01-01,9,7,0,1,1,Manu Ginóbili,8,0.017
2011-01-04,15,5,1,1,5,Manu Ginóbili,8,0.017
2011-01-05,24,3,0,5,8,Manu Ginóbili,8,0.017
2011-01-07,25,4,0,3,4,Manu Ginóbili,8,0.017
2011-01-09,21,3,1,4,7,Manu Ginóbili,8,0.017
2011-01-11,19,6,0,2,9,Manu Ginóbili,8,0.017
2011-01-12,23,4,0,1,7,Manu Ginóbili,8,0.017
2011-01-14,11,1,0,0,1,Manu Ginóbili,8,0.017
2011-01-16,18,7,1,2,3,Manu Ginóbili,8,0.017
2011-01-19,23,7,0,1,4,Manu Ginóbili,8,0.017
2011-01-21,16,6,1,2,1,Manu Ginóbili,8,0.017
2011-01-22,4,6,0,1,2,Manu Ginóbili,8,0.017
2011-01-24,20,7,0,1,4,Manu Ginóbili,8,0.017
2011-01-26,26,7,0,2,6,Manu Ginóbili,8,0.017
2011-01-29,22,4,0,2,1,Manu Ginóbili,8,0.017
2011-02-01,17,2,0,4,4,Manu Ginóbili,8,0.017
2011-02-03,14,8,1,0,5,Manu Ginóbili,8,0.017
2011-02-04,9,6,0,1,3,Manu Ginóbili,8,0.017
2011-02-08,13,6,0,0,5,Manu Ginóbili,8,0.017
2011-02-09,12,9,0,1,4,Manu Ginóbili,8,0.017
2011-02-11,8,6,0,1,4,Manu Ginóbili,8,0.017
2011-02-12,6,0,0,0,1,Manu Ginóbili,8,0.017
2011-02-14,22,3,1,0,4,Manu Ginóbili,8,0.017
2011-02-17,16,3,0,1,1,Manu Ginóbili,8,0.017
2011-02-23,11,9,0,1,5,Manu Ginóbili,8,0.017
2011-02-25,26,5,1,3,6,Manu Ginóbili,8,0.017
2011-02-27,35,8,1,2,6,Manu Ginóbili,8,0.017
2011-03-01,9,7,0,1,2,Manu Ginóbili,8,0.017
2011-03-02,13,6,0,1,9,Manu Ginóbili,8,0.017
2011-03-04,20,7,0,2,3,Manu Ginóbili,8,0.017
2011-03-06,6,3,0,0,1,Manu Ginóbili,8,0.017
2011-03-09,17,5,1,1,2,Manu Ginóbili,8,0.017
2011-03-11,24,7,0,2,4,Manu Ginóbili,8,0.017
2011-03-12,19,3,0,3,0,Manu Ginóbili,8,0.017
2011-03-14,12,5,1,1,6,Manu Ginóbili,8,0.017
2011-03-18,25,5,1,3,2,Manu Ginóbili,8,0.017
2011-03-19,11,6,0,0,5,Manu Ginóbili,8,0.017
2011-03-21,28,3,0,3,3,Manu Ginóbili,8,0.017
2011-03-23,20,2,1,1,4,Manu Ginóbili,8,0.017
2011-03-25,21,7,0,1,3,Manu Ginóbili,8,0.017
2011-03-27,2,2,0,1,1,Manu Ginóbili,8,0.017
2011-03-31,9,6,0,0,3,Manu Ginóbili,8,0.017
2011-04-01,23,6,0,3,7,Manu Ginóbili,8,0.017
2011-04-03,6,2,0,0,3,Manu Ginóbili,8,0.017
2011-04-05,18,4,1,1,1,Manu Ginóbili,8,0.017
2011-04-06,25,5,1,1,4,Manu Ginóbili,8,0.017
2011-04-09,12,6,0,1,4,Manu Ginóbili,8,0.017
2011-04-13,0,1,0,0,0,Manu Ginóbili,8,0.017
2010-10-27,19,2,2,0,10,Amar'e Stoudemire,9,0.007
2010-10-29,27,4,2,0,8,Amar'e Stoudemire,9,0.007
2010-10-30,18,3,0,0,5,Amar'e Stoudemire,9,0.007
2010-11-04,14,3,2,1,8,Amar'e Stoudemire,9,0.007
2010-11-05,18,2,4,1,4,Amar'e Stoudemire,9,0.007
2010-11-07,21,1,1,2,15,Amar'e Stoudemire,9,0.007
2010-11-09,19,0,2,1,4,Amar'e Stoudemire,9,0.007
2010-11-10,33,3,1,3,10,Amar'e Stoudemire,9,0.007
2010-11-12,14,2,4,0,9,Amar'e Stoudemire,9,0.007
2010-11-14,25,2,0,1,8,Amar'e Stoudemire,9,0.007
2010-11-16,24,2,2,1,6,Amar'e Stoudemire,9,0.007
2010-11-17,27,2,2,2,10,Amar'e Stoudemire,9,0.007
2010-11-19,26,4,2,2,11,Amar'e Stoudemire,9,0.007
2010-11-20,39,2,2,0,11,Amar'e Stoudemire,9,0.007
2010-11-23,17,1,3,0,7,Amar'e Stoudemire,9,0.007
2010-11-24,20,1,6,0,4,Amar'e Stoudemire,9,0.007
2010-11-27,24,3,1,1,10,Amar'e Stoudemire,9,0.007
2010-11-28,37,7,1,0,15,Amar'e Stoudemire,9,0.007
2010-11-30,35,2,1,2,9,Amar'e Stoudemire,9,0.007
2010-12-03,34,2,1,2,10,Amar'e Stoudemire,9,0.007
2010-12-05,31,2,1,1,16,Amar'e Stoudemire,9,0.007
2010-12-06,34,1,2,2,5,Amar'e Stoudemire,9,0.007
2010-12-08,34,2,2,0,14,Amar'e Stoudemire,9,0.007
2010-12-10,36,5,2,0,10,Amar'e Stoudemire,9,0.007
2010-12-12,30,4,3,0,8,Amar'e Stoudemire,9,0.007
2010-12-15,39,0,3,1,10,Amar'e Stoudemire,9,0.007
2010-12-17,24,4,2,1,14,Amar'e Stoudemire,9,0.007
2010-12-18,23,1,4,3,11,Amar'e Stoudemire,9,0.007
2010-12-22,23,4,3,0,7,Amar'e Stoudemire,9,0.007
2010-12-25,20,2,6,2,10,Amar'e Stoudemire,9,0.007
2010-12-28,30,1,2,2,7,Amar'e Stoudemire,9,0.007
2010-12-30,30,4,4,0,4,Amar'e Stoudemire,9,0.007
2011-01-02,26,2,2,2,8,Amar'e Stoudemire,9,0.007
2011-01-04,28,6,3,0,9,Amar'e Stoudemire,9,0.007
2011-01-07,23,2,2,0,9,Amar'e Stoudemire,9,0.007
2011-01-09,23,4,6,0,10,Amar'e Stoudemire,9,0.007
2011-01-11,23,4,1,0,8,Amar'e Stoudemire,9,0.007
2011-01-12,22,5,1,0,3,Amar'e Stoudemire,9,0.007
2011-01-14,25,4,5,2,13,Amar'e Stoudemire,9,0.007
2011-01-17,41,1,1,0,6,Amar'e Stoudemire,9,0.007
2011-01-19,25,1,1,2,5,Amar'e Stoudemire,9,0.007
2011-01-21,18,1,2,4,15,Amar'e Stoudemire,9,0.007
2011-01-22,18,4,1,2,12,Amar'e Stoudemire,9,0.007
2011-01-24,30,5,2,1,9,Amar'e Stoudemire,9,0.007
2011-01-27,24,4,1,2,8,Amar'e Stoudemire,9,0.007
2011-01-28,27,1,1,0,3,Amar'e Stoudemire,9,0.007
2011-01-30,33,4,1,1,6,Amar'e Stoudemire,9,0.007
2011-02-02,21,4,3,1,5,Amar'e Stoudemire,9,0.007
2011-02-04,21,2,0,2,7,Amar'e Stoudemire,9,0.007
2011-02-06,41,4,4,1,7,Amar'e Stoudemire,9,0.007
2011-02-09,23,2,2,1,5,Amar'e Stoudemire,9,0.007
2011-02-11,24,1,2,0,9,Amar'e Stoudemire,9,0.007
2011-02-16,23,3,3,0,7,Amar'e Stoudemire,9,0.007
2011-02-23,19,4,0,1,5,Amar'e Stoudemire,9,0.007
2011-02-25,31,3,5,3,11,Amar'e Stoudemire,9,0.007
2011-02-27,16,3,1,0,10,Amar'e Stoudemire,9,0.007
2011-03-01,30,1,0,1,2,Amar'e Stoudemire,9,0.007
2011-03-02,24,4,0,0,7,Amar'e Stoudemire,9,0.007
2011-03-04,41,3,1,0,9,Amar'e Stoudemire,9,0.007
2011-03-06,26,2,1,3,7,Amar'e Stoudemire,9,0.007
2011-03-07,31,0,3,0,4,Amar'e Stoudemire,9,0.007
2011-03-09,26,3,0,2,6,Amar'e Stoudemire,9,0.007
2011-03-10,36,1,1,1,7,Amar'e Stoudemire,9,0.007
2011-03-13,28,2,0,0,6,Amar'e Stoudemire,9,0.007
2011-03-15,21,1,2,0,10,Amar'e Stoudemire,9,0.007
2011-03-17,16,3,0,0,9,Amar'e Stoudemire,9,0.007
2011-03-18,20,0,1,0,12,Amar'e Stoudemire,9,0.007
2011-03-20,25,3,0,0,11,Amar'e Stoudemire,9,0.007
2011-03-21,16,1,1,1,11,Amar'e Stoudemire,9,0.007
2011-03-23,13,2,2,1,7,Amar'e Stoudemire,9,0.007
2011-03-25,28,2,1,1,9,Amar'e Stoudemire,9,0.007
2011-03-26,14,3,4,0,6,Amar'e Stoudemire,9,0.007
2011-03-28,20,3,0,2,9,Amar'e Stoudemire,9,0.007
2011-03-30,23,3,2,0,1,Amar'e Stoudemire,9,0.007
2011-04-03,28,0,2,1,7,Amar'e Stoudemire,9,0.007
2011-04-05,23,5,2,1,6,Amar'e Stoudemire,9,0.007
2011-04-06,18,7,3,1,6,Amar'e Stoudemire,9,0.007
2011-04-13,14,1,1,0,4,Amar'e Stoudemire,9,0.007
2010-10-27,20,4,0,1,14,Blake Griffin,10,0.004
2010-10-29,14,3,0,1,10,Blake Griffin,10,0.004
2010-10-31,16,0,0,2,9,Blake Griffin,10,0.004
2010-11-01,17,1,1,0,8,Blake Griffin,10,0.004
2010-11-03,18,0,0,0,9,Blake Griffin,10,0.004
2010-11-05,26,3,0,0,10,Blake Griffin,10,0.004
2010-11-06,16,2,0,1,17,Blake Griffin,10,0.004
2010-11-09,10,0,0,0,6,Blake Griffin,10,0.004
2010-11-10,11,3,1,3,8,Blake Griffin,10,0.004
2010-11-12,18,4,2,1,18,Blake Griffin,10,0.004
2010-11-15,11,1,0,0,3,Blake Griffin,10,0.004
2010-11-17,26,2,0,0,17,Blake Griffin,10,0.004
2010-11-18,12,0,0,0,8,Blake Griffin,10,0.004
2010-11-20,44,7,1,2,15,Blake Griffin,10,0.004
2010-11-22,24,4,2,0,13,Blake Griffin,10,0.004
2010-11-25,25,5,0,1,15,Blake Griffin,10,0.004
2010-11-26,20,1,2,0,14,Blake Griffin,10,0.004
2010-11-28,35,7,0,0,14,Blake Griffin,10,0.004
2010-12-01,31,4,1,2,13,Blake Griffin,10,0.004
2010-12-03,17,3,2,0,12,Blake Griffin,10,0.004
2010-12-05,21,2,0,2,15,Blake Griffin,10,0.004
2010-12-06,13,7,2,1,11,Blake Griffin,10,0.004
2010-12-08,16,2,1,1,11,Blake Griffin,10,0.004
2010-12-11,19,5,1,1,11,Blake Griffin,10,0.004
2010-12-12,27,5,1,1,16,Blake Griffin,10,0.004
2010-12-15,20,5,1,1,18,Blake Griffin,10,0.004
2010-12-17,24,3,0,1,17,Blake Griffin,10,0.004
2010-12-18,29,4,0,0,12,Blake Griffin,10,0.004
2010-12-20,22,7,0,1,10,Blake Griffin,10,0.004
2010-12-22,24,2,1,2,18,Blake Griffin,10,0.004
2010-12-26,28,4,0,0,12,Blake Griffin,10,0.004
2010-12-27,24,4,1,0,14,Blake Griffin,10,0.004
2010-12-29,30,2,1,0,12,Blake Griffin,10,0.004
2011-01-02,31,3,1,0,15,Blake Griffin,10,0.004
2011-01-05,22,7,1,0,18,Blake Griffin,10,0.004
2011-01-09,23,3,1,1,12,Blake Griffin,10,0.004
2011-01-12,24,6,1,1,14,Blake Griffin,10,0.004
2011-01-14,28,3,0,1,13,Blake Griffin,10,0.004
2011-01-16,18,3,0,0,15,Blake Griffin,10,0.004
2011-01-17,47,3,1,0,14,Blake Griffin,10,0.004
2011-01-19,29,6,0,0,8,Blake Griffin,10,0.004
2011-01-20,20,4,0,2,18,Blake Griffin,10,0.004
2011-01-22,30,8,0,0,18,Blake Griffin,10,0.004
2011-01-25,22,4,0,0,11,Blake Griffin,10,0.004
2011-01-26,14,2,1,0,11,Blake Griffin,10,0.004
2011-01-29,24,3,0,2,10,Blake Griffin,10,0.004
2011-01-31,32,6,0,1,11,Blake Griffin,10,0.004
2011-02-02,32,7,1,0,13,Blake Griffin,10,0.004
2011-02-04,19,2,0,0,11,Blake Griffin,10,0.004
2011-02-06,21,2,0,0,16,Blake Griffin,10,0.004
2011-02-08,10,1,0,1,12,Blake Griffin,10,0.004
2011-02-09,21,2,0,1,6,Blake Griffin,10,0.004
2011-02-11,32,2,0,2,13,Blake Griffin,10,0.004
2011-02-13,21,2,0,0,15,Blake Griffin,10,0.004
2011-02-14,19,6,0,1,12,Blake Griffin,10,0.004
2011-02-16,29,5,1,0,8,Blake Griffin,10,0.004
2011-02-22,28,8,0,0,11,Blake Griffin,10,0.004
2011-02-23,21,3,2,0,13,Blake Griffin,10,0.004
2011-02-25,22,2,1,0,10,Blake Griffin,10,0.004
2011-02-26,21,4,0,1,11,Blake Griffin,10,0.004
2011-02-28,27,4,0,1,12,Blake Griffin,10,0.004
2011-03-02,20,5,0,1,14,Blake Griffin,10,0.004
2011-03-05,18,9,1,2,12,Blake Griffin,10,0.004
2011-03-07,17,3,0,0,15,Blake Griffin,10,0.004
2011-03-09,12,5,0,2,7,Blake Griffin,10,0.004
2011-03-11,23,0,1,1,9,Blake Griffin,10,0.004
2011-03-12,26,2,2,0,5,Blake Griffin,10,0.004
2011-03-14,8,1,0,0,9,Blake Griffin,10,0.004
2011-03-16,14,2,2,0,8,Blake Griffin,10,0.004
2011-03-19,30,8,0,0,8,Blake Griffin,10,0.004
2011-03-20,17,3,2,0,2,Blake Griffin,10,0.004
2011-03-23,33,10,1,1,17,Blake Griffin,10,0.004
2011-03-25,22,4,0,2,6,Blake Griffin,10,0.004
2011-03-26,22,5,0,1,16,Blake Griffin,10,0.004
2011-03-30,25,3,0,3,17,Blake Griffin,10,0.004
2011-04-01,20,4,0,0,13,Blake Griffin,10,0.004
2011-04-02,26,3,0,2,16,Blake Griffin,10,0.004
2011-04-05,15,2,0,3,14,Blake Griffin,10,0.004
2011-04-06,35,6,1,1,11,Blake Griffin,10,0.004
2011-04-08,23,6,1,2,9,Blake Griffin,10,0.004
2011-04-09,13,4,1,1,10,Blake Griffin,10,0.004
2011-04-13,31,10,1,1,10,Blake Griffin,10,0.004
2010-10-26,4,17,0,2,5,Rajon Rondo,11,0.004
2010-10-27,18,9,0,3,4,Rajon Rondo,11,0.004
2010-10-29,10,24,0,1,10,Rajon Rondo,11,0.004
2010-11-02,9,17,0,4,3,Rajon Rondo,11,0.004
2010-11-03,17,15,1,3,8,Rajon Rondo,11,0.004
2010-11-05,10,11,0,4,3,Rajon Rondo,11,0.004
2010-11-07,10,10,0,3,5,Rajon Rondo,11,0.004
2010-11-08,11,15,1,5,6,Rajon Rondo,11,0.004
2010-11-11,8,16,0,2,3,Rajon Rondo,11,0.004
2010-11-13,11,17,0,1,5,Rajon Rondo,11,0.004
2010-11-17,12,13,1,1,2,Rajon Rondo,11,0.004
2010-11-19,14,7,0,1,4,Rajon Rondo,11,0.004
2010-11-26,4,14,0,3,4,Rajon Rondo,11,0.004
2010-11-30,23,12,0,0,5,Rajon Rondo,11,0.004
2010-12-01,10,10,0,0,1,Rajon Rondo,11,0.004
2010-12-03,12,19,0,3,6,Rajon Rondo,11,0.004
2010-12-08,4,13,0,1,3,Rajon Rondo,11,0.004
2010-12-09,19,14,0,4,6,Rajon Rondo,11,0.004
2010-12-11,7,8,0,5,5,Rajon Rondo,11,0.004
2010-12-15,10,14,0,1,3,Rajon Rondo,11,0.004
2011-01-02,4,8,0,1,1,Rajon Rondo,11,0.004
2011-01-03,6,16,0,1,4,Rajon Rondo,11,0.004
2011-01-05,12,23,1,6,10,Rajon Rondo,11,0.004
2011-01-07,9,7,0,2,4,Rajon Rondo,11,0.004
2011-01-08,13,8,0,5,5,Rajon Rondo,11,0.004
2011-01-10,9,12,0,3,1,Rajon Rondo,11,0.004
2011-01-12,10,13,0,2,4,Rajon Rondo,11,0.004
2011-01-14,18,13,1,1,6,Rajon Rondo,11,0.004
2011-01-17,10,12,0,3,4,Rajon Rondo,11,0.004
2011-01-19,6,8,1,1,8,Rajon Rondo,11,0.004
2011-01-21,4,12,0,3,5,Rajon Rondo,11,0.004
2011-01-22,13,9,0,2,2,Rajon Rondo,11,0.004
2011-01-25,11,10,0,4,5,Rajon Rondo,11,0.004
2011-01-27,11,5,0,3,6,Rajon Rondo,11,0.004
2011-01-28,7,6,0,2,2,Rajon Rondo,11,0.004
2011-01-30,10,16,0,1,5,Rajon Rondo,11,0.004
2011-02-01,17,10,0,4,2,Rajon Rondo,11,0.004
2011-02-04,8,12,0,3,2,Rajon Rondo,11,0.004
2011-02-06,26,7,0,1,1,Rajon Rondo,11,0.004
2011-02-07,10,14,1,3,3,Rajon Rondo,11,0.004
2011-02-10,12,10,0,1,5,Rajon Rondo,11,0.004
2011-02-13,11,10,0,0,10,Rajon Rondo,11,0.004
2011-02-16,7,8,0,4,5,Rajon Rondo,11,0.004
2011-02-22,19,15,0,2,6,Rajon Rondo,11,0.004
2011-02-24,5,8,0,2,4,Rajon Rondo,11,0.004
2011-02-26,2,11,0,2,7,Rajon Rondo,11,0.004
2011-02-28,18,11,0,2,4,Rajon Rondo,11,0.004
2011-03-02,16,15,1,3,5,Rajon Rondo,11,0.004
2011-03-04,6,16,0,5,0,Rajon Rondo,11,0.004
2011-03-06,6,8,0,2,4,Rajon Rondo,11,0.004
2011-03-09,13,9,0,3,7,Rajon Rondo,11,0.004
2011-03-11,12,5,0,1,4,Rajon Rondo,11,0.004
2011-03-13,2,3,0,3,3,Rajon Rondo,11,0.004
2011-03-14,2,9,1,1,4,Rajon Rondo,11,0.004
2011-03-16,0,8,1,2,0,Rajon Rondo,11,0.004
2011-03-18,4,6,0,0,2,Rajon Rondo,11,0.004
2011-03-19,9,5,0,1,1,Rajon Rondo,11,0.004
2011-03-21,13,12,0,2,5,Rajon Rondo,11,0.004
2011-03-23,6,11,0,8,11,Rajon Rondo,11,0.004
2011-03-25,10,5,0,0,4,Rajon Rondo,11,0.004
2011-03-28,22,8,0,0,4,Rajon Rondo,11,0.004
2011-03-31,22,14,0,0,5,Rajon Rondo,11,0.004
2011-04-01,13,5,0,0,10,Rajon Rondo,11,0.004
2011-04-03,4,14,0,1,3,Rajon Rondo,11,0.004
2011-04-05,16,13,0,1,4,Rajon Rondo,11,0.004
2011-04-07,7,6,0,1,5,Rajon Rondo,11,0.004
2011-04-08,20,14,1,6,3,Rajon Rondo,11,0.004
2011-04-10,7,5,0,2,1,Rajon Rondo,11,0.004
2010-10-27,20,9,0,3,3,Tony Parker,12,0.002
2010-10-30,13,4,0,0,4,Tony Parker,12,0.002
2010-11-01,19,9,0,3,1,Tony Parker,12,0.002
2010-11-03,11,6,0,1,3,Tony Parker,12,0.002
2010-11-06,21,14,0,5,4,Tony Parker,12,0.002
2010-11-08,12,8,0,2,4,Tony Parker,12,0.002
2010-11-10,21,9,0,2,3,Tony Parker,12,0.002
2010-11-13,24,7,0,3,3,Tony Parker,12,0.002
2010-11-14,24,3,0,1,5,Tony Parker,12,0.002
2010-11-17,21,7,0,0,3,Tony Parker,12,0.002
2010-11-19,24,7,0,4,4,Tony Parker,12,0.002
2010-11-20,19,9,0,1,5,Tony Parker,12,0.002
2010-11-22,24,10,0,1,3,Tony Parker,12,0.002
2010-11-24,18,6,0,1,3,Tony Parker,12,0.002
2010-11-26,9,1,0,1,4,Tony Parker,12,0.002
2010-11-28,6,9,0,2,6,Tony Parker,12,0.002
2010-11-30,12,6,0,0,2,Tony Parker,12,0.002
2010-12-01,2,4,0,1,2,Tony Parker,12,0.002
2010-12-03,20,5,0,0,2,Tony Parker,12,0.002
2010-12-05,19,7,0,2,3,Tony Parker,12,0.002
2010-12-08,19,9,0,1,2,Tony Parker,12,0.002
2010-12-10,17,6,0,1,2,Tony Parker,12,0.002
2010-12-12,14,6,0,2,6,Tony Parker,12,0.002
2010-12-15,16,8,1,1,3,Tony Parker,12,0.002
2010-12-16,24,9,0,1,2,Tony Parker,12,0.002
2010-12-18,37,9,0,1,2,Tony Parker,12,0.002
2010-12-20,19,4,0,0,3,Tony Parker,12,0.002
2010-12-22,11,9,0,0,2,Tony Parker,12,0.002
2010-12-23,16,3,0,0,1,Tony Parker,12,0.002
2010-12-26,20,14,0,1,6,Tony Parker,12,0.002
2010-12-28,23,3,0,2,2,Tony Parker,12,0.002
2010-12-30,14,5,0,2,6,Tony Parker,12,0.002
2011-01-01,14,10,0,2,4,Tony Parker,12,0.002
2011-01-04,26,6,0,2,2,Tony Parker,12,0.002
2011-01-05,18,5,0,2,5,Tony Parker,12,0.002
2011-01-07,10,2,0,2,5,Tony Parker,12,0.002
2011-01-09,11,4,0,0,2,Tony Parker,12,0.002
2011-01-11,12,13,0,0,4,Tony Parker,12,0.002
2011-01-12,8,9,0,2,1,Tony Parker,12,0.002
2011-01-14,18,6,0,1,0,Tony Parker,12,0.002
2011-01-16,30,4,0,2,7,Tony Parker,12,0.002
2011-01-19,17,5,0,3,5,Tony Parker,12,0.002
2011-01-21,21,13,0,0,3,Tony Parker,12,0.002
2011-01-22,10,0,0,0,2,Tony Parker,12,0.002
2011-01-24,18,11,0,3,3,Tony Parker,12,0.002
2011-01-26,23,6,0,0,3,Tony Parker,12,0.002
2011-01-29,17,5,0,0,0,Tony Parker,12,0.002
2011-02-01,6,4,0,0,2,Tony Parker,12,0.002
2011-02-03,21,2,0,1,4,Tony Parker,12,0.002
2011-02-04,25,7,0,1,1,Tony Parker,12,0.002
2011-02-08,19,7,0,1,0,Tony Parker,12,0.002
2011-02-09,16,8,0,0,3,Tony Parker,12,0.002
2011-02-11,9,4,0,0,3,Tony Parker,12,0.002
2011-02-12,18,8,0,3,1,Tony Parker,12,0.002
2011-02-14,13,7,0,0,6,Tony Parker,12,0.002
2011-02-17,26,4,1,2,1,Tony Parker,12,0.002
2011-02-23,20,3,0,0,5,Tony Parker,12,0.002
2011-02-25,13,10,0,1,7,Tony Parker,12,0.002
2011-02-27,2,2,0,0,2,Tony Parker,12,0.002
2011-03-04,15,8,0,1,2,Tony Parker,12,0.002
2011-03-06,14,3,0,2,0,Tony Parker,12,0.002
2011-03-09,23,7,0,4,1,Tony Parker,12,0.002
2011-03-11,27,6,0,1,1,Tony Parker,12,0.002
2011-03-12,21,6,0,0,3,Tony Parker,12,0.002
2011-03-14,18,5,0,0,1,Tony Parker,12,0.002
2011-03-18,33,3,0,1,4,Tony Parker,12,0.002
2011-03-19,9,9,0,1,1,Tony Parker,12,0.002
2011-03-21,17,15,0,0,2,Tony Parker,12,0.002
2011-03-23,19,5,1,0,2,Tony Parker,12,0.002
2011-03-25,15,4,0,2,4,Tony Parker,12,0.002
2011-03-27,20,6,0,0,3,Tony Parker,12,0.002
2011-03-31,23,8,0,2,4,Tony Parker,12,0.002
2011-04-01,31,6,0,2,3,Tony Parker,12,0.002
2011-04-03,7,8,0,0,5,Tony Parker,12,0.002
2011-04-05,26,4,0,1,5,Tony Parker,12,0.002
2011-04-06,15,6,0,0,6,Tony Parker,12,0.002
2011-04-09,13,7,0,0,1,Tony Parker,12,0.002
2011-04-13,12,7,0,0,5,Tony Parker,12,0.002
2010-10-27,17,16,0,0,4,Chris Paul,13,0.002
2010-10-29,18,7,0,1,7,Chris Paul,13,0.002
2010-10-30,25,5,0,2,7,Chris Paul,13,0.002
2010-11-03,25,8,1,4,7,Chris Paul,13,0.002
2010-11-05,13,19,0,5,2,Chris Paul,13,0.002
2010-11-06,14,6,0,2,9,Chris Paul,13,0.002
2010-11-09,13,8,0,3,2,Chris Paul,13,0.002
2010-11-13,11,13,0,5,4,Chris Paul,13,0.002
2010-11-15,22,9,0,3,4,Chris Paul,13,0.002
2010-11-17,20,11,0,0,2,Chris Paul,13,0.002
2010-11-19,15,10,0,6,4,Chris Paul,13,0.002
2010-11-21,9,14,0,5,7,Chris Paul,13,0.002
2010-11-22,14,6,0,2,4,Chris Paul,13,0.002
2010-11-24,17,9,0,5,3,Chris Paul,13,0.002
2010-11-26,16,13,0,2,6,Chris Paul,13,0.002
2010-11-28,15,7,0,1,6,Chris Paul,13,0.002
2010-11-29,17,14,0,5,2,Chris Paul,13,0.002
2010-12-01,9,14,0,4,5,Chris Paul,13,0.002
2010-12-03,17,10,0,3,4,Chris Paul,13,0.002
2010-12-05,16,8,0,2,5,Chris Paul,13,0.002
2010-12-08,6,14,0,5,2,Chris Paul,13,0.002
2010-12-10,18,7,0,5,0,Chris Paul,13,0.002
2010-12-12,25,3,0,3,2,Chris Paul,13,0.002
2010-12-13,11,5,0,0,8,Chris Paul,13,0.002
2010-12-15,22,11,0,1,3,Chris Paul,13,0.002
2010-12-17,11,10,0,1,7,Chris Paul,13,0.002
2010-12-19,23,10,0,3,2,Chris Paul,13,0.002
2010-12-20,15,4,0,1,4,Chris Paul,13,0.002
2010-12-22,12,14,0,2,6,Chris Paul,13,0.002
2010-12-26,22,8,0,0,4,Chris Paul,13,0.002
2010-12-27,22,13,0,5,6,Chris Paul,13,0.002
2010-12-29,20,7,0,3,3,Chris Paul,13,0.002
2010-12-31,20,11,0,6,5,Chris Paul,13,0.002
2011-01-01,13,11,0,7,5,Chris Paul,13,0.002
2011-01-03,15,5,0,2,3,Chris Paul,13,0.002
2011-01-05,24,13,0,1,6,Chris Paul,13,0.002
2011-01-07,12,10,0,0,0,Chris Paul,13,0.002
2011-01-09,20,6,1,0,3,Chris Paul,13,0.002
2011-01-12,12,13,0,1,5,Chris Paul,13,0.002
2011-01-14,11,8,0,5,0,Chris Paul,13,0.002
2011-01-15,19,4,0,1,1,Chris Paul,13,0.002
2011-01-17,6,11,0,3,3,Chris Paul,13,0.002
2011-01-19,20,12,1,0,3,Chris Paul,13,0.002
2011-01-21,16,8,0,3,3,Chris Paul,13,0.002
2011-01-22,11,6,0,2,6,Chris Paul,13,0.002
2011-01-24,24,9,0,3,4,Chris Paul,13,0.002
2011-01-26,18,17,0,0,2,Chris Paul,13,0.002
2011-01-29,19,7,0,3,5,Chris Paul,13,0.002
2011-01-30,26,12,0,1,3,Chris Paul,13,0.002
2011-02-01,15,9,0,2,5,Chris Paul,13,0.002
2011-02-02,15,5,0,2,1,Chris Paul,13,0.002
2011-02-05,21,15,0,0,1,Chris Paul,13,0.002
2011-02-07,17,13,0,4,6,Chris Paul,13,0.002
2011-02-09,9,11,0,2,5,Chris Paul,13,0.002
2011-02-11,15,7,0,1,2,Chris Paul,13,0.002
2011-02-12,15,6,0,3,2,Chris Paul,13,0.002
2011-02-15,11,10,0,1,4,Chris Paul,13,0.002
2011-02-16,8,5,0,1,2,Chris Paul,13,0.002
2011-02-23,19,10,0,3,6,Chris Paul,13,0.002
2011-02-25,17,8,0,0,6,Chris Paul,13,0.002
2011-02-27,6,12,0,3,1,Chris Paul,13,0.002
2011-03-01,7,5,0,1,4,Chris Paul,13,0.002
2011-03-02,4,10,1,2,4,Chris Paul,13,0.002
2011-03-04,23,14,0,2,5,Chris Paul,13,0.002
2011-03-06,13,11,0,0,1,Chris Paul,13,0.002
2011-03-12,33,15,0,5,7,Chris Paul,13,0.002
2011-03-14,27,10,0,7,5,Chris Paul,13,0.002
2011-03-16,26,9,0,3,5,Chris Paul,13,0.002
2011-03-19,4,15,0,1,7,Chris Paul,13,0.002
2011-03-24,24,12,0,0,3,Chris Paul,13,0.002
2011-03-25,22,7,0,0,5,Chris Paul,13,0.002
2011-03-27,10,9,0,2,5,Chris Paul,13,0.002
2011-03-30,11,12,0,4,7,Chris Paul,13,0.002
2011-04-01,5,13,1,1,5,Chris Paul,13,0.002
2011-04-03,18,8,0,2,2,Chris Paul,13,0.002
2011-04-06,28,10,0,1,9,Chris Paul,13,0.002
2011-04-08,7,12,0,2,5,Chris Paul,13,0.002
2011-04-10,0,10,0,2,3,Chris Paul,13,0.002
2011-04-11,15,5,0,3,5,Chris Paul,13,0.002
2011-04-13,7,8,0,1,1,Chris Paul,13,0.002
